,Zipcode,Gender,Estimate
0,60002,Male,11960.0
1,60004,Male,24964.0
2,60005,Male,14755.0
3,60007,Male,15628.0
4,60008,Male,11319.0
5,60010,Male,22431.0
6,60012,Male,5449.0
7,60013,Male,13463.0
8,60014,Male,23973.0
9,60015,Male,13313.0
10,60016,Male,28567.0
11,60018,Male,14095.0
12,60020,Male,4727.0
13,60021,Male,2783.0
14,60022,Male,3949.0
15,60025,Male,20128.0
16,60026,Male,6520.0
17,60029,Male,274.0
18,60030,Male,18202.0
19,60031,Male,18385.0
20,60033,Male,6555.0
21,60034,Male,1086.0
22,60035,Male,14242.0
23,60040,Male,2744.0
24,60041,Male,4199.0
25,60042,Male,4162.0
26,60043,Male,1191.0
27,60044,Male,4744.0
28,60045,Male,10485.0
29,60046,Male,17295.0
30,60047,Male,20845.0
31,60048,Male,14438.0
32,60050,Male,15680.0
33,60051,Male,11827.0
34,60053,Male,11308.0
35,60056,Male,26801.0
36,60060,Male,19066.0
37,60061,Male,13175.0
38,60062,Male,19004.0
39,60064,Male,7911.0
40,60067,Male,17851.0
41,60068,Male,18250.0
42,60069,Male,4026.0
43,60070,Male,8193.0
44,60071,Male,1817.0
45,60072,Male,499.0
46,60073,Male,31392.0
47,60074,Male,18476.0
48,60076,Male,14455.0
49,60077,Male,13459.0
50,60081,Male,5224.0
51,60083,Male,4882.0
52,60084,Male,8448.0
53,60085,Male,35553.0
54,60087,Male,12429.0
55,60088,Male,9271.0
56,60089,Male,19280.0
57,60090,Male,18840.0
58,60091,Male,13184.0
59,60093,Male,9574.0
60,60096,Male,3344.0
61,60097,Male,5504.0
62,60098,Male,15858.0
63,60099,Male,14252.0
64,60101,Male,18981.0
65,60102,Male,16187.0
66,60103,Male,21172.0
67,60104,Male,8603.0
68,60106,Male,10100.0
69,60107,Male,19833.0
70,60108,Male,10857.0
71,60109,Male,223.0
72,60110,Male,19342.0
73,60111,Male,66.0
74,60112,Male,2458.0
75,60113,Male,162.0
76,60115,Male,22242.0
77,60118,Male,7845.0
78,60119,Male,5222.0
79,60120,Male,25732.0
80,60123,Male,24893.0
81,60124,Male,11085.0
82,60126,Male,24087.0
83,60129,Male,127.0
84,60130,Male,6358.0
85,60131,Male,8657.0
86,60133,Male,18074.0
87,60134,Male,13958.0
88,60135,Male,3604.0
89,60136,Male,4083.0
90,60137,Male,18462.0
91,60139,Male,16955.0
92,60140,Male,8900.0
93,60141,Male,285.0
94,60142,Male,14494.0
95,60143,Male,5421.0
96,60144,Male,29.0
97,60145,Male,1830.0
98,60146,Male,1127.0
99,60148,Male,25082.0
100,60150,Male,1127.0
101,60151,Male,2159.0
102,60152,Male,5928.0
103,60153,Male,11488.0
104,60154,Male,7693.0
105,60155,Male,3922.0
106,60156,Male,13878.0
107,60157,Male,1411.0
108,60160,Male,13099.0
109,60162,Male,3949.0
110,60163,Male,2715.0
111,60164,Male,10741.0
112,60165,Male,2436.0
113,60169,Male,16173.0
114,60171,Male,4708.0
115,60172,Male,11249.0
116,60173,Male,6199.0
117,60174,Male,14824.0
118,60175,Male,13771.0
119,60176,Male,6107.0
120,60177,Male,11862.0
121,60178,Male,10356.0
122,60180,Male,923.0
123,60181,Male,14474.0
124,60184,Male,1130.0
125,60185,Male,17597.0
126,60187,Male,14854.0
127,60188,Male,20436.0
128,60189,Male,15018.0
129,60190,Male,5706.0
130,60191,Male,7206.0
131,60192,Male,8037.0
132,60193,Male,19078.0
133,60194,Male,9355.0
134,60195,Male,2061.0
135,60201,Male,20013.0
136,60202,Male,15330.0
137,60203,Male,1891.0
138,60301,Male,1381.0
139,60302,Male,14734.0
140,60304,Male,8230.0
141,60305,Male,5313.0
142,60401,Male,3610.0
143,60402,Male,31697.0
144,60403,Male,11277.0
145,60404,Male,9680.0
146,60406,Male,13186.0
147,60407,Male,981.0
148,60408,Male,2845.0
149,60409,Male,16317.0
150,60410,Male,6632.0
151,60411,Male,27188.0
152,60415,Male,7128.0
153,60416,Male,4789.0
154,60417,Male,7397.0
155,60419,Male,10286.0
156,60420,Male,2251.0
157,60421,Male,2016.0
158,60422,Male,4581.0
159,60423,Male,15276.0
160,60424,Male,1178.0
161,60425,Male,3839.0
162,60426,Male,13208.0
163,60428,Male,5689.0
164,60429,Male,6775.0
165,60430,Male,9596.0
166,60431,Male,11430.0
167,60432,Male,10489.0
168,60433,Male,8231.0
169,60435,Male,24216.0
170,60436,Male,9138.0
171,60437,Male,70.0
172,60438,Male,12381.0
173,60439,Male,12372.0
174,60440,Male,25856.0
175,60441,Male,16287.0
176,60442,Male,5978.0
177,60443,Male,10060.0
178,60444,Male,991.0
179,60445,Male,12498.0
180,60446,Male,19883.0
181,60447,Male,6633.0
182,60448,Male,12970.0
183,60449,Male,4943.0
184,60450,Male,10163.0
185,60451,Male,18332.0
186,60452,Male,13792.0
187,60453,Male,27223.0
188,60455,Male,7939.0
189,60456,Male,1963.0
190,60457,Male,7131.0
191,60458,Male,7487.0
192,60459,Male,14769.0
193,60460,Male,593.0
194,60461,Male,2144.0
195,60462,Male,20075.0
196,60463,Male,7291.0
197,60464,Male,4548.0
198,60465,Male,7816.0
199,60466,Male,9777.0
200,60467,Male,12904.0
201,60468,Male,3156.0
202,60469,Male,3095.0
203,60470,Male,228.0
204,60471,Male,6702.0
205,60472,Male,2195.0
206,60473,Male,9934.0
207,60474,Male,372.0
208,60475,Male,5159.0
209,60476,Male,1107.0
210,60477,Male,17996.0
211,60478,Male,7477.0
212,60479,Male,559.0
213,60480,Male,2464.0
214,60481,Male,5757.0
215,60482,Male,5314.0
216,60484,Male,2636.0
217,60487,Male,13912.0
218,60490,Male,10703.0
219,60491,Male,11209.0
220,60501,Male,5919.0
221,60502,Male,11092.0
222,60503,Male,7987.0
223,60504,Male,19754.0
224,60505,Male,36017.0
225,60506,Male,28350.0
226,60510,Male,14264.0
227,60511,Male,988.0
228,60512,Male,732.0
229,60513,Male,8462.0
230,60514,Male,4688.0
231,60515,Male,13485.0
232,60516,Male,14659.0
233,60517,Male,16208.0
234,60518,Male,1989.0
235,60519,Male,18.0
236,60520,Male,1490.0
237,60521,Male,9148.0
238,60523,Male,4367.0
239,60525,Male,14670.0
240,60526,Male,6266.0
241,60527,Male,12944.0
242,60530,Male,462.0
243,60531,Male,1002.0
244,60532,Male,14833.0
245,60534,Male,5062.0
246,60536,Male,46.0
247,60537,Male,387.0
248,60538,Male,13913.0
249,60539,Male,165.0
250,60540,Male,21263.0
251,60541,Male,1705.0
252,60542,Male,9085.0
253,60543,Male,20095.0
254,60544,Male,12387.0
255,60545,Male,6788.0
256,60546,Male,7495.0
257,60548,Male,6427.0
258,60549,Male,152.0
259,60550,Male,650.0
260,60551,Male,3601.0
261,60552,Male,2135.0
262,60553,Male,389.0
263,60554,Male,6401.0
264,60555,Male,6424.0
265,60556,Male,1086.0
266,60557,Male,141.0
267,60558,Male,6664.0
268,60559,Male,11501.0
269,60560,Male,13208.0
270,60561,Male,11336.0
271,60563,Male,18771.0
272,60564,Male,21834.0
273,60565,Male,19363.0
274,60585,Male,12727.0
275,60586,Male,23140.0
276,60601,Male,6619.0
277,60602,Male,852.0
278,60603,Male,626.0
279,60604,Male,288.0
280,60605,Male,14620.0
281,60606,Male,1525.0
282,60607,Male,15396.0
283,60608,Male,44577.0
284,60609,Male,29982.0
285,60610,Male,19535.0
286,60611,Male,15883.0
287,60612,Male,15015.0
288,60613,Male,25060.0
289,60614,Male,36219.0
290,60615,Male,18559.0
291,60616,Male,25127.0
292,60617,Male,37008.0
293,60618,Male,47154.0
294,60619,Male,26956.0
295,60620,Male,31029.0
296,60621,Male,12148.0
297,60622,Male,26818.0
298,60623,Male,38364.0
299,60624,Male,16777.0
300,60625,Male,38567.0
301,60626,Male,24670.0
302,60628,Male,29820.0
303,60629,Male,52680.0
304,60630,Male,27468.0
305,60631,Male,14142.0
306,60632,Male,44793.0
307,60633,Male,6347.0
308,60634,Male,36653.0
309,60636,Male,13669.0
310,60637,Male,20429.0
311,60638,Male,29073.0
312,60639,Male,44171.0
313,60640,Male,35987.0
314,60641,Male,33561.0
315,60642,Male,10223.0
316,60643,Male,21929.0
317,60644,Male,21718.0
318,60645,Male,23593.0
319,60646,Male,13442.0
320,60647,Male,42612.0
321,60649,Male,21014.0
322,60651,Male,29530.0
323,60652,Male,20543.0
324,60653,Male,14514.0
325,60654,Male,10861.0
326,60655,Male,13475.0
327,60656,Male,14896.0
328,60657,Male,36709.0
329,60659,Male,21911.0
330,60660,Male,22991.0
331,60661,Male,5494.0
332,60706,Male,11314.0
333,60707,Male,20084.0
334,60712,Male,6003.0
335,60714,Male,14248.0
336,60803,Male,10862.0
337,60804,Male,40122.0
338,60805,Male,8667.0
339,60827,Male,12618.0
340,60901,Male,17089.0
341,60910,Male,246.0
342,60911,Male,679.0
343,60912,Male,272.0
344,60913,Male,842.0
345,60914,Male,13679.0
346,60915,Male,4927.0
347,60917,Male,248.0
348,60918,Male,377.0
349,60919,Male,267.0
350,60920,Male,86.0
351,60921,Male,888.0
352,60922,Male,1366.0
353,60924,Male,716.0
354,60926,Male,25.0
355,60927,Male,1036.0
356,60928,Male,262.0
357,60929,Male,274.0
358,60930,Male,377.0
359,60931,Male,287.0
360,60932,Male,257.0
361,60933,Male,162.0
362,60934,Male,97.0
363,60935,Male,625.0
364,60936,Male,1944.0
365,60938,Male,882.0
366,60940,Male,1566.0
367,60941,Male,1118.0
368,60942,Male,3062.0
369,60945,Male,113.0
370,60946,Male,191.0
371,60948,Male,905.0
372,60949,Male,296.0
373,60950,Male,6110.0
374,60951,Male,500.0
375,60952,Male,280.0
376,60953,Male,1320.0
377,60954,Male,3174.0
378,60955,Male,819.0
379,60957,Male,2764.0
380,60958,Male,787.0
381,60959,Male,514.0
382,60960,Male,493.0
383,60961,Male,463.0
384,60962,Male,298.0
385,60963,Male,689.0
386,60964,Male,2529.0
387,60966,Male,709.0
388,60968,Male,211.0
389,60969,Male,42.0
390,60970,Male,2953.0
391,60973,Male,155.0
392,60974,Male,156.0
393,61001,Male,517.0
394,61006,Male,732.0
395,61007,Male,188.0
396,61008,Male,16880.0
397,61010,Male,3408.0
398,61011,Male,1120.0
399,61012,Male,1421.0
400,61013,Male,197.0
401,61014,Male,621.0
402,61015,Male,403.0
403,61016,Male,2410.0
404,61018,Male,526.0
405,61019,Male,1483.0
406,61020,Male,1496.0
407,61021,Male,12165.0
408,61024,Male,1333.0
409,61025,Male,2492.0
410,61027,Male,60.0
411,61028,Male,880.0
412,61030,Male,1048.0
413,61031,Male,785.0
414,61032,Male,13780.0
415,61036,Male,3251.0
416,61037,Male,46.0
417,61038,Male,483.0
418,61039,Male,489.0
419,61041,Male,633.0
420,61042,Male,362.0
421,61043,Male,64.0
422,61044,Male,91.0
423,61046,Male,1160.0
424,61047,Male,898.0
425,61048,Male,1980.0
426,61049,Male,372.0
427,61050,Male,173.0
428,61051,Male,800.0
429,61052,Male,425.0
430,61053,Male,1223.0
431,61054,Male,1730.0
432,61057,Male,35.0
433,61059,Male,134.0
434,61060,Male,814.0
435,61061,Male,3298.0
436,61062,Male,1041.0
437,61063,Male,2203.0
438,61064,Male,2038.0
439,61065,Male,5570.0
440,61067,Male,372.0
441,61068,Male,7299.0
442,61070,Male,702.0
443,61071,Male,7130.0
444,61072,Male,5313.0
445,61073,Male,10410.0
446,61074,Male,1966.0
447,61075,Male,554.0
448,61077,Male,0.0
449,61078,Male,595.0
450,61079,Male,102.0
451,61080,Male,4730.0
452,61081,Male,10556.0
453,61084,Male,1473.0
454,61085,Male,1535.0
455,61087,Male,659.0
456,61088,Male,3101.0
457,61089,Male,324.0
458,61091,Male,29.0
459,61101,Male,9142.0
460,61102,Male,8882.0
461,61103,Male,11191.0
462,61104,Male,9517.0
463,61107,Male,14579.0
464,61108,Male,14553.0
465,61109,Male,12691.0
466,61111,Male,11150.0
467,61112,Male,22.0
468,61114,Male,7037.0
469,61115,Male,10772.0
470,61201,Male,18620.0
471,61230,Male,431.0
472,61231,Male,2617.0
473,61232,Male,624.0
474,61234,Male,568.0
475,61235,Male,753.0
476,61236,Male,32.0
477,61238,Male,1635.0
478,61239,Male,580.0
479,61240,Male,3231.0
480,61241,Male,3404.0
481,61242,Male,698.0
482,61243,Male,113.0
483,61244,Male,11564.0
484,61250,Male,1323.0
485,61251,Male,182.0
486,61252,Male,2574.0
487,61254,Male,5565.0
488,61256,Male,1026.0
489,61257,Male,592.0
490,61258,Male,103.0
491,61259,Male,631.0
492,61260,Male,364.0
493,61261,Male,382.0
494,61262,Male,498.0
495,61263,Male,338.0
496,61264,Male,4991.0
497,61265,Male,20742.0
498,61270,Male,3276.0
499,61272,Male,560.0
500,61273,Male,1647.0
501,61274,Male,134.0
502,61275,Male,2395.0
503,61276,Male,24.0
504,61277,Male,1605.0
505,61278,Male,204.0
506,61279,Male,528.0
507,61281,Male,1286.0
508,61282,Male,3838.0
509,61283,Male,880.0
510,61284,Male,820.0
511,61285,Male,1128.0
512,61301,Male,4941.0
513,61310,Male,1879.0
514,61311,Male,169.0
515,61312,Male,235.0
516,61313,Male,108.0
517,61314,Male,445.0
518,61315,Male,107.0
519,61316,Male,111.0
520,61317,Male,267.0
521,61318,Male,337.0
522,61319,Male,670.0
523,61320,Male,325.0
524,61321,Male,126.0
525,61322,Male,867.0
526,61323,Male,49.0
527,61324,Male,58.0
528,61325,Male,547.0
529,61326,Male,1077.0
530,61327,Male,751.0
531,61328,Male,26.0
532,61329,Male,600.0
533,61330,Male,653.0
534,61331,Male,0.0
535,61332,Male,74.0
536,61333,Male,172.0
537,61334,Male,374.0
538,61335,Male,149.0
539,61336,Male,256.0
540,61337,Male,255.0
541,61338,Male,115.0
542,61340,Male,200.0
543,61341,Male,3790.0
544,61342,Male,4260.0
545,61344,Male,267.0
546,61345,Male,381.0
547,61346,Male,30.0
548,61348,Male,2261.0
549,61349,Male,534.0
550,61350,Male,11405.0
551,61353,Male,666.0
552,61354,Male,4844.0
553,61356,Male,4790.0
554,61358,Male,146.0
555,61359,Male,181.0
556,61360,Male,1682.0
557,61361,Male,551.0
558,61362,Male,2731.0
559,61363,Male,147.0
560,61364,Male,9152.0
561,61367,Male,407.0
562,61368,Male,684.0
563,61369,Male,732.0
564,61370,Male,728.0
565,61372,Male,81.0
566,61373,Male,1025.0
567,61374,Male,45.0
568,61375,Male,578.0
569,61376,Male,964.0
570,61377,Male,664.0
571,61378,Male,160.0
572,61379,Male,730.0
573,61401,Male,17006.0
574,61410,Male,2033.0
575,61411,Male,237.0
576,61412,Male,725.0
577,61413,Male,501.0
578,61414,Male,454.0
579,61415,Male,1069.0
580,61416,Male,150.0
581,61417,Male,164.0
582,61418,Male,330.0
583,61419,Male,30.0
584,61420,Male,596.0
585,61421,Male,715.0
586,61422,Male,1422.0
587,61423,Male,288.0
588,61424,Male,36.0
589,61425,Male,239.0
590,61426,Male,42.0
591,61427,Male,1089.0
592,61428,Male,440.0
593,61430,Male,311.0
594,61431,Male,86.0
595,61432,Male,308.0
596,61433,Male,61.0
597,61434,Male,1428.0
598,61435,Male,6.0
599,61436,Male,361.0
600,61437,Male,366.0
601,61438,Male,423.0
602,61439,Male,171.0
603,61440,Male,406.0
604,61441,Male,536.0
605,61442,Male,343.0
606,61443,Male,6629.0
607,61447,Male,589.0
608,61448,Male,1675.0
609,61449,Male,150.0
610,61450,Male,843.0
611,61451,Male,121.0
612,61452,Male,87.0
613,61453,Male,342.0
614,61454,Male,194.0
615,61455,Male,9280.0
616,61458,Male,261.0
617,61459,Male,200.0
618,61460,Male,116.0
619,61462,Male,5213.0
620,61465,Male,621.0
621,61466,Male,198.0
622,61467,Male,592.0
623,61468,Male,102.0
624,61469,Male,1107.0
625,61470,Male,298.0
626,61471,Male,51.0
627,61472,Male,283.0
628,61473,Male,627.0
629,61474,Male,140.0
630,61475,Male,126.0
631,61476,Male,215.0
632,61477,Male,242.0
633,61478,Male,118.0
634,61479,Male,44.0
635,61480,Male,565.0
636,61482,Male,283.0
637,61483,Male,910.0
638,61484,Male,415.0
639,61485,Male,170.0
640,61486,Male,717.0
641,61488,Male,567.0
642,61489,Male,418.0
643,61490,Male,584.0
644,61491,Male,1043.0
645,61501,Male,900.0
646,61516,Male,393.0
647,61517,Male,1701.0
648,61519,Male,124.0
649,61520,Male,8730.0
650,61523,Male,5253.0
651,61524,Male,174.0
652,61525,Male,4518.0
653,61526,Male,284.0
654,61528,Male,1427.0
655,61529,Male,1294.0
656,61530,Male,3159.0
657,61531,Male,1518.0
658,61532,Male,330.0
659,61533,Male,1184.0
660,61534,Male,1042.0
661,61535,Male,1156.0
662,61536,Male,1453.0
663,61537,Male,1326.0
664,61539,Male,75.0
665,61540,Male,1358.0
666,61541,Male,47.0
667,61542,Male,1805.0
668,61543,Male,75.0
669,61544,Male,357.0
670,61545,Male,360.0
671,61546,Male,1739.0
672,61547,Male,1912.0
673,61548,Male,5866.0
674,61550,Male,8224.0
675,61552,Male,164.0
676,61553,Male,105.0
677,61554,Male,20758.0
678,61559,Male,1773.0
679,61560,Male,328.0
680,61561,Male,1150.0
681,61562,Male,51.0
682,61563,Male,246.0
683,61564,Male,459.0
684,61565,Male,755.0
685,61567,Male,213.0
686,61568,Male,2161.0
687,61569,Male,468.0
688,61570,Male,891.0
689,61571,Male,11794.0
690,61572,Male,625.0
691,61602,Male,495.0
692,61603,Male,7858.0
693,61604,Male,14343.0
694,61605,Male,6699.0
695,61606,Male,4246.0
696,61607,Male,5572.0
697,61610,Male,2521.0
698,61611,Male,12513.0
699,61614,Male,13214.0
700,61615,Male,10972.0
701,61616,Male,2713.0
702,61625,Male,175.0
703,61701,Male,17334.0
704,61704,Male,18386.0
705,61705,Male,6046.0
706,61720,Male,125.0
707,61721,Male,342.0
708,61722,Male,293.0
709,61723,Male,1306.0
710,61724,Male,268.0
711,61725,Male,1042.0
712,61726,Male,1194.0
713,61727,Male,4630.0
714,61728,Male,531.0
715,61729,Male,689.0
716,61730,Male,295.0
717,61731,Male,78.0
718,61732,Male,986.0
719,61733,Male,446.0
720,61734,Male,1326.0
721,61735,Male,202.0
722,61736,Male,959.0
723,61737,Male,228.0
724,61738,Male,2404.0
725,61739,Male,2174.0
726,61740,Male,682.0
727,61741,Male,797.0
728,61742,Male,613.0
729,61743,Male,84.0
730,61744,Male,862.0
731,61745,Male,2237.0
732,61747,Male,664.0
733,61748,Male,1286.0
734,61749,Male,297.0
735,61750,Male,103.0
736,61751,Male,31.0
737,61752,Male,2272.0
738,61753,Male,1572.0
739,61754,Male,578.0
740,61755,Male,2308.0
741,61756,Male,1399.0
742,61759,Male,767.0
743,61760,Male,1218.0
744,61761,Male,25889.0
745,61764,Male,7564.0
746,61769,Male,327.0
747,61770,Male,533.0
748,61771,Male,295.0
749,61772,Male,103.0
750,61773,Male,173.0
751,61774,Male,612.0
752,61775,Male,168.0
753,61776,Male,567.0
754,61777,Male,606.0
755,61778,Male,309.0
756,61801,Male,15666.0
757,61802,Male,9206.0
758,61810,Male,129.0
759,61811,Male,365.0
760,61812,Male,175.0
761,61813,Male,763.0
762,61814,Male,521.0
763,61815,Male,143.0
764,61816,Male,207.0
765,61817,Male,1220.0
766,61818,Male,803.0
767,61820,Male,20751.0
768,61821,Male,15319.0
769,61822,Male,13760.0
770,61830,Male,213.0
771,61831,Male,84.0
772,61832,Male,15980.0
773,61833,Male,1102.0
774,61834,Male,5141.0
775,61839,Male,289.0
776,61840,Male,339.0
777,61841,Male,564.0
778,61842,Male,1129.0
779,61843,Male,1137.0
780,61844,Male,403.0
781,61845,Male,184.0
782,61846,Male,2700.0
783,61847,Male,615.0
784,61848,Male,89.0
785,61849,Male,1089.0
786,61850,Male,209.0
787,61851,Male,152.0
788,61852,Male,124.0
789,61853,Male,6716.0
790,61854,Male,604.0
791,61855,Male,41.0
792,61856,Male,4038.0
793,61857,Male,67.0
794,61858,Male,1318.0
795,61859,Male,601.0
796,61862,Male,338.0
797,61863,Male,341.0
798,61864,Male,900.0
799,61865,Male,815.0
800,61866,Male,6600.0
801,61870,Male,591.0
802,61871,Male,165.0
803,61872,Male,269.0
804,61873,Male,2984.0
805,61874,Male,3656.0
806,61875,Male,336.0
807,61876,Male,265.0
808,61877,Male,744.0
809,61878,Male,633.0
810,61880,Male,1652.0
811,61882,Male,390.0
812,61883,Male,1928.0
813,61884,Male,513.0
814,61910,Male,2391.0
815,61911,Male,2488.0
816,61912,Male,684.0
817,61913,Male,692.0
818,61914,Male,846.0
819,61917,Male,286.0
820,61919,Male,388.0
821,61920,Male,11358.0
822,61924,Male,1214.0
823,61925,Male,640.0
824,61928,Male,388.0
825,61929,Male,381.0
826,61930,Male,299.0
827,61931,Male,620.0
828,61932,Male,294.0
829,61933,Male,523.0
830,61936,Male,120.0
831,61937,Male,915.0
832,61938,Male,10440.0
833,61940,Male,193.0
834,61941,Male,96.0
835,61942,Male,506.0
836,61943,Male,819.0
837,61944,Male,5776.0
838,61949,Male,72.0
839,61951,Male,3662.0
840,61953,Male,2968.0
841,61955,Male,133.0
842,61956,Male,1461.0
843,61957,Male,809.0
844,62001,Male,723.0
845,62002,Male,14827.0
846,62006,Male,269.0
847,62009,Male,1019.0
848,62010,Male,5284.0
849,62011,Male,123.0
850,62012,Male,3427.0
851,62013,Male,299.0
852,62014,Male,2014.0
853,62015,Male,238.0
854,62016,Male,1872.0
855,62017,Male,495.0
856,62018,Male,1475.0
857,62019,Male,166.0
858,62021,Male,456.0
859,62022,Male,422.0
860,62023,Male,52.0
861,62024,Male,4993.0
862,62025,Male,17780.0
863,62027,Male,303.0
864,62028,Male,617.0
865,62030,Male,72.0
866,62031,Male,372.0
867,62032,Male,454.0
868,62033,Male,2441.0
869,62034,Male,6535.0
870,62035,Male,8106.0
871,62036,Male,318.0
872,62037,Male,998.0
873,62040,Male,20858.0
874,62044,Male,1153.0
875,62045,Male,271.0
876,62046,Male,347.0
877,62047,Male,869.0
878,62048,Male,759.0
879,62049,Male,5409.0
880,62050,Male,147.0
881,62051,Male,365.0
882,62052,Male,5961.0
883,62053,Male,219.0
884,62054,Male,284.0
885,62056,Male,4138.0
886,62058,Male,390.0
887,62059,Male,177.0
888,62060,Male,1668.0
889,62061,Male,881.0
890,62062,Male,3934.0
891,62063,Male,442.0
892,62065,Male,51.0
893,62067,Male,939.0
894,62069,Male,1627.0
895,62070,Male,0.0
896,62074,Male,582.0
897,62075,Male,1714.0
898,62076,Male,46.0
899,62077,Male,103.0
900,62078,Male,42.0
901,62079,Male,92.0
902,62080,Male,1086.0
903,62081,Male,143.0
904,62082,Male,1420.0
905,62083,Male,108.0
906,62084,Male,774.0
907,62085,Male,61.0
908,62086,Male,661.0
909,62087,Male,1090.0
910,62088,Male,3152.0
911,62089,Male,194.0
912,62090,Male,548.0
913,62091,Male,179.0
914,62092,Male,1334.0
915,62093,Male,135.0
916,62094,Male,417.0
917,62095,Male,4834.0
918,62097,Male,1491.0
919,62098,Male,8.0
920,62201,Male,2529.0
921,62203,Male,4027.0
922,62204,Male,3697.0
923,62205,Male,3212.0
924,62206,Male,7190.0
925,62207,Male,4135.0
926,62208,Male,8534.0
927,62214,Male,709.0
928,62215,Male,1132.0
929,62216,Male,1357.0
930,62217,Male,441.0
931,62218,Male,900.0
932,62219,Male,493.0
933,62220,Male,8791.0
934,62221,Male,14674.0
935,62223,Male,8251.0
936,62225,Male,2998.0
937,62226,Male,13677.0
938,62230,Male,3166.0
939,62231,Male,3321.0
940,62232,Male,3317.0
941,62233,Male,6447.0
942,62234,Male,15669.0
943,62236,Male,6857.0
944,62237,Male,1223.0
945,62238,Male,336.0
946,62239,Male,2333.0
947,62240,Male,730.0
948,62241,Male,447.0
949,62242,Male,685.0
950,62243,Male,2996.0
951,62244,Male,491.0
952,62245,Male,1018.0
953,62246,Male,5443.0
954,62248,Male,170.0
955,62249,Male,8017.0
956,62250,Male,462.0
957,62253,Male,326.0
958,62254,Male,2852.0
959,62255,Male,494.0
960,62257,Male,1149.0
961,62258,Male,4596.0
962,62260,Male,3519.0
963,62261,Male,32.0
964,62262,Male,883.0
965,62263,Male,2316.0
966,62264,Male,1837.0
967,62265,Male,2006.0
968,62266,Male,0.0
969,62268,Male,474.0
970,62269,Male,15201.0
971,62271,Male,892.0
972,62272,Male,1120.0
973,62273,Male,86.0
974,62274,Male,5140.0
975,62275,Male,1657.0
976,62277,Male,559.0
977,62278,Male,3078.0
978,62279,Male,6.0
979,62280,Male,289.0
980,62281,Male,1331.0
981,62282,Male,230.0
982,62284,Male,279.0
983,62285,Male,2289.0
984,62286,Male,3214.0
985,62288,Male,1301.0
986,62289,Male,150.0
987,62292,Male,504.0
988,62293,Male,1943.0
989,62294,Male,6552.0
990,62295,Male,675.0
991,62297,Male,214.0
992,62298,Male,8363.0
993,62301,Male,15271.0
994,62305,Male,9235.0
995,62311,Male,414.0
996,62312,Male,933.0
997,62313,Male,217.0
998,62314,Male,293.0
999,62316,Male,384.0
1000,62319,Male,102.0
1001,62320,Male,1267.0
1002,62321,Male,1786.0
1003,62323,Male,113.0
1004,62324,Male,688.0
1005,62325,Male,219.0
1006,62326,Male,1355.0
1007,62330,Male,970.0
1008,62334,Male,77.0
1009,62336,Male,16.0
1010,62338,Male,605.0
1011,62339,Male,438.0
1012,62340,Male,1014.0
1013,62341,Male,1567.0
1014,62343,Male,402.0
1015,62344,Male,6.0
1016,62345,Male,211.0
1017,62346,Male,76.0
1018,62347,Male,864.0
1019,62348,Male,37.0
1020,62349,Male,373.0
1021,62351,Male,968.0
1022,62352,Male,152.0
1023,62353,Male,3445.0
1024,62354,Male,787.0
1025,62355,Male,466.0
1026,62356,Male,396.0
1027,62357,Male,137.0
1028,62358,Male,363.0
1029,62359,Male,101.0
1030,62360,Male,984.0
1031,62361,Male,135.0
1032,62362,Male,131.0
1033,62363,Male,2598.0
1034,62365,Male,357.0
1035,62366,Male,922.0
1036,62367,Male,635.0
1037,62370,Male,143.0
1038,62373,Male,124.0
1039,62374,Male,193.0
1040,62375,Male,323.0
1041,62376,Male,549.0
1042,62378,Male,412.0
1043,62379,Male,852.0
1044,62380,Male,188.0
1045,62401,Male,9263.0
1046,62410,Male,755.0
1047,62411,Male,2146.0
1048,62413,Male,167.0
1049,62414,Male,826.0
1050,62417,Male,1551.0
1051,62418,Male,1042.0
1052,62419,Male,122.0
1053,62420,Male,2185.0
1054,62421,Male,263.0
1055,62422,Male,487.0
1056,62423,Male,313.0
1057,62424,Male,1301.0
1058,62425,Male,244.0
1059,62426,Male,449.0
1060,62427,Male,844.0
1061,62428,Male,1290.0
1062,62431,Male,501.0
1063,62432,Male,317.0
1064,62433,Male,492.0
1065,62434,Male,172.0
1066,62436,Male,285.0
1067,62438,Male,174.0
1068,62439,Male,3430.0
1069,62440,Male,622.0
1070,62441,Male,3496.0
1071,62442,Male,1411.0
1072,62443,Male,838.0
1073,62444,Male,211.0
1074,62445,Male,624.0
1075,62446,Male,209.0
1076,62447,Male,1723.0
1077,62448,Male,2739.0
1078,62449,Male,1551.0
1079,62450,Male,5996.0
1080,62451,Male,915.0
1081,62452,Male,124.0
1082,62454,Male,6260.0
1083,62458,Male,1089.0
1084,62459,Male,169.0
1085,62460,Male,514.0
1086,62461,Male,362.0
1087,62462,Male,686.0
1088,62463,Male,508.0
1089,62465,Male,399.0
1090,62466,Male,3283.0
1091,62467,Male,2069.0
1092,62468,Male,1259.0
1093,62469,Male,219.0
1094,62471,Male,5835.0
1095,62473,Male,582.0
1096,62474,Male,350.0
1097,62475,Male,311.0
1098,62476,Male,802.0
1099,62477,Male,278.0
1100,62478,Male,124.0
1101,62479,Male,460.0
1102,62480,Male,303.0
1103,62481,Male,159.0
1104,62501,Male,1282.0
1105,62510,Male,875.0
1106,62512,Male,250.0
1107,62513,Male,746.0
1108,62514,Male,192.0
1109,62515,Male,561.0
1110,62517,Male,115.0
1111,62518,Male,37.0
1112,62519,Male,37.0
1113,62520,Male,761.0
1114,62521,Male,16820.0
1115,62522,Male,7334.0
1116,62523,Male,764.0
1117,62526,Male,13518.0
1118,62530,Male,706.0
1119,62531,Male,912.0
1120,62532,Male,14.0
1121,62533,Male,411.0
1122,62534,Male,648.0
1123,62535,Male,1716.0
1124,62536,Male,302.0
1125,62537,Male,42.0
1126,62538,Male,265.0
1127,62539,Male,581.0
1128,62540,Male,751.0
1129,62541,Male,6.0
1130,62543,Male,243.0
1131,62544,Male,819.0
1132,62545,Male,673.0
1133,62546,Male,809.0
1134,62547,Male,513.0
1135,62548,Male,1028.0
1136,62549,Male,3124.0
1137,62550,Male,1558.0
1138,62551,Male,478.0
1139,62553,Male,187.0
1140,62554,Male,744.0
1141,62555,Male,227.0
1142,62556,Male,181.0
1143,62557,Male,3429.0
1144,62558,Male,1694.0
1145,62560,Male,556.0
1146,62561,Male,2304.0
1147,62563,Male,2790.0
1148,62565,Male,3356.0
1149,62567,Male,431.0
1150,62568,Male,8015.0
1151,62570,Male,313.0
1152,62571,Male,785.0
1153,62572,Male,236.0
1154,62573,Male,749.0
1155,62601,Male,134.0
1156,62610,Male,68.0
1157,62611,Male,634.0
1158,62612,Male,773.0
1159,62613,Male,1937.0
1160,62615,Male,2822.0
1161,62617,Male,218.0
1162,62618,Male,3423.0
1163,62621,Male,617.0
1164,62622,Male,0.0
1165,62624,Male,223.0
1166,62625,Male,423.0
1167,62626,Male,3745.0
1168,62627,Male,567.0
1169,62628,Male,457.0
1170,62629,Male,6790.0
1171,62630,Male,378.0
1172,62631,Male,170.0
1173,62633,Male,246.0
1174,62634,Male,519.0
1175,62635,Male,278.0
1176,62638,Male,756.0
1177,62639,Male,158.0
1178,62640,Male,1591.0
1179,62642,Male,680.0
1180,62643,Male,425.0
1181,62644,Male,2521.0
1182,62649,Male,215.0
1183,62650,Male,13117.0
1184,62655,Male,296.0
1185,62656,Male,9523.0
1186,62661,Male,876.0
1187,62663,Male,104.0
1188,62664,Male,1554.0
1189,62665,Male,672.0
1190,62666,Male,238.0
1191,62667,Male,280.0
1192,62668,Male,668.0
1193,62670,Male,1233.0
1194,62671,Male,231.0
1195,62672,Male,87.0
1196,62673,Male,164.0
1197,62674,Male,809.0
1198,62675,Male,2824.0
1199,62677,Male,1024.0
1200,62681,Male,3073.0
1201,62682,Male,321.0
1202,62684,Male,2635.0
1203,62685,Male,1031.0
1204,62688,Male,393.0
1205,62689,Male,315.0
1206,62690,Male,1647.0
1207,62691,Male,1011.0
1208,62692,Male,946.0
1209,62693,Male,840.0
1210,62694,Male,1475.0
1211,62695,Male,126.0
1212,62701,Male,688.0
1213,62702,Male,15847.0
1214,62703,Male,13881.0
1215,62704,Male,19855.0
1216,62707,Male,3964.0
1217,62711,Male,7350.0
1218,62712,Male,5048.0
1219,62801,Male,11087.0
1220,62803,Male,667.0
1221,62806,Male,1678.0
1222,62807,Male,452.0
1223,62808,Male,971.0
1224,62809,Male,80.0
1225,62810,Male,464.0
1226,62811,Male,131.0
1227,62812,Male,5703.0
1228,62814,Male,875.0
1229,62815,Male,104.0
1230,62816,Male,579.0
1231,62817,Male,286.0
1232,62818,Male,197.0
1233,62819,Male,176.0
1234,62820,Male,69.0
1235,62821,Male,3500.0
1236,62822,Male,1357.0
1237,62823,Male,854.0
1238,62824,Male,806.0
1239,62825,Male,90.0
1240,62827,Male,533.0
1241,62828,Male,728.0
1242,62829,Male,0.0
1243,62830,Male,660.0
1244,62831,Male,173.0
1245,62832,Male,4204.0
1246,62833,Male,153.0
1247,62835,Male,509.0
1248,62836,Male,403.0
1249,62837,Male,4423.0
1250,62838,Male,997.0
1251,62839,Male,3057.0
1252,62841,Male,70.0
1253,62842,Male,378.0
1254,62843,Male,119.0
1255,62844,Male,941.0
1256,62846,Male,2104.0
1257,62848,Male,267.0
1258,62849,Male,1026.0
1259,62850,Male,302.0
1260,62851,Male,46.0
1261,62852,Male,30.0
1262,62853,Male,576.0
1263,62854,Male,775.0
1264,62856,Male,141.0
1265,62858,Male,1517.0
1266,62859,Male,2774.0
1267,62860,Male,246.0
1268,62861,Male,82.0
1269,62862,Male,160.0
1270,62863,Male,4581.0
1271,62864,Male,11299.0
1272,62865,Male,935.0
1273,62867,Male,252.0
1274,62868,Male,926.0
1275,62869,Male,1251.0
1276,62870,Male,1066.0
1277,62871,Male,316.0
1278,62872,Male,576.0
1279,62874,Male,233.0
1280,62875,Male,560.0
1281,62876,Male,85.0
1282,62877,Male,271.0
1283,62878,Male,162.0
1284,62879,Male,63.0
1285,62880,Male,375.0
1286,62881,Male,5253.0
1287,62882,Male,1061.0
1288,62883,Male,350.0
1289,62884,Male,1393.0
1290,62885,Male,232.0
1291,62886,Male,165.0
1292,62887,Male,229.0
1293,62888,Male,1138.0
1294,62889,Male,552.0
1295,62890,Male,1067.0
1296,62891,Male,328.0
1297,62892,Male,157.0
1298,62893,Male,399.0
1299,62894,Male,555.0
1300,62895,Male,830.0
1301,62896,Male,5784.0
1302,62897,Male,203.0
1303,62898,Male,996.0
1304,62899,Male,799.0
1305,62901,Male,13273.0
1306,62902,Male,2211.0
1307,62903,Male,1689.0
1308,62905,Male,289.0
1309,62906,Male,3600.0
1310,62907,Male,823.0
1311,62908,Male,317.0
1312,62910,Male,1105.0
1313,62912,Male,638.0
1314,62914,Male,1006.0
1315,62915,Male,187.0
1316,62916,Male,381.0
1317,62917,Male,1118.0
1318,62918,Male,4555.0
1319,62919,Male,437.0
1320,62920,Male,1572.0
1321,62921,Male,127.0
1322,62922,Male,1641.0
1323,62923,Male,194.0
1324,62924,Male,1502.0
1325,62926,Male,1099.0
1326,62927,Male,164.0
1327,62928,Male,68.0
1328,62930,Male,2911.0
1329,62931,Male,728.0
1330,62932,Male,580.0
1331,62933,Male,488.0
1332,62934,Male,343.0
1333,62935,Male,1063.0
1334,62938,Male,1687.0
1335,62939,Male,1217.0
1336,62940,Male,365.0
1337,62941,Male,358.0
1338,62942,Male,336.0
1339,62943,Male,132.0
1340,62946,Male,5897.0
1341,62947,Male,254.0
1342,62948,Male,6150.0
1343,62949,Male,339.0
1344,62950,Male,100.0
1345,62951,Male,2639.0
1346,62952,Male,1455.0
1347,62953,Male,155.0
1348,62954,Male,290.0
1349,62956,Male,430.0
1350,62957,Male,386.0
1351,62958,Male,1041.0
1352,62959,Male,14168.0
1353,62960,Male,4874.0
1354,62961,Male,15.0
1355,62962,Male,0.0
1356,62963,Male,410.0
1357,62964,Male,611.0
1358,62965,Male,28.0
1359,62966,Male,6920.0
1360,62967,Male,127.0
1361,62969,Male,148.0
1362,62970,Male,328.0
1363,62972,Male,441.0
1364,62974,Male,1030.0
1365,62975,Male,74.0
1366,62976,Male,146.0
1367,62977,Male,296.0
1368,62979,Male,457.0
1369,62982,Male,625.0
1370,62983,Male,655.0
1371,62984,Male,766.0
1372,62985,Male,198.0
1373,62987,Male,762.0
1374,62988,Male,743.0
1375,62990,Male,562.0
1376,62992,Male,435.0
1377,62994,Male,328.0
1378,62995,Male,3849.0
1379,62996,Male,188.0
1380,62997,Male,307.0
1381,62998,Male,113.0
1382,62999,Male,898.0
1383,63673,Male,744.0
1384,60002,Female,11954.0
1385,60004,Female,26540.0
1386,60005,Female,14354.0
1387,60007,Female,17164.0
1388,60008,Female,10688.0
1389,60010,Female,23895.0
1390,60012,Female,6007.0
1391,60013,Female,13057.0
1392,60014,Female,22893.0
1393,60015,Female,13629.0
1394,60016,Female,31096.0
1395,60018,Female,14382.0
1396,60020,Female,5773.0
1397,60021,Female,2809.0
1398,60022,Female,4296.0
1399,60025,Female,21424.0
1400,60026,Female,7147.0
1401,60029,Female,238.0
1402,60030,Female,17238.0
1403,60031,Female,19251.0
1404,60033,Female,6924.0
1405,60034,Female,1144.0
1406,60035,Female,15362.0
1407,60040,Female,2549.0
1408,60041,Female,4025.0
1409,60042,Female,4357.0
1410,60043,Female,1165.0
1411,60044,Female,5515.0
1412,60045,Female,10975.0
1413,60046,Female,17554.0
1414,60047,Female,21397.0
1415,60048,Female,14868.0
1416,60050,Female,16320.0
1417,60051,Female,11363.0
1418,60053,Female,11629.0
1419,60056,Female,27222.0
1420,60060,Female,18202.0
1421,60061,Female,13930.0
1422,60062,Female,20913.0
1423,60064,Female,7297.0
1424,60067,Female,20809.0
1425,60068,Female,19157.0
1426,60069,Female,4192.0
1427,60070,Female,7536.0
1428,60071,Female,1785.0
1429,60072,Female,521.0
1430,60073,Female,30464.0
1431,60074,Female,19156.0
1432,60076,Female,16938.0
1433,60077,Female,14194.0
1434,60081,Female,4308.0
1435,60083,Female,4629.0
1436,60084,Female,8500.0
1437,60085,Female,35712.0
1438,60087,Female,12872.0
1439,60088,Female,3697.0
1440,60089,Female,21469.0
1441,60090,Female,19901.0
1442,60091,Female,13820.0
1443,60093,Female,10242.0
1444,60096,Female,3343.0
1445,60097,Female,5223.0
1446,60098,Female,16741.0
1447,60099,Female,15893.0
1448,60101,Female,19615.0
1449,60102,Female,16562.0
1450,60103,Female,20673.0
1451,60104,Female,10196.0
1452,60106,Female,10146.0
1453,60107,Female,20137.0
1454,60108,Female,12123.0
1455,60109,Female,273.0
1456,60110,Female,19752.0
1457,60111,Female,58.0
1458,60112,Female,2047.0
1459,60113,Female,147.0
1460,60115,Female,22901.0
1461,60118,Female,8195.0
1462,60119,Female,5175.0
1463,60120,Female,24587.0
1464,60123,Female,24872.0
1465,60124,Female,10916.0
1466,60126,Female,24841.0
1467,60129,Female,93.0
1468,60130,Female,7450.0
1469,60131,Female,9054.0
1470,60133,Female,19825.0
1471,60134,Female,15064.0
1472,60135,Female,3390.0
1473,60136,Female,3858.0
1474,60137,Female,19395.0
1475,60139,Female,16991.0
1476,60140,Female,9248.0
1477,60141,Female,39.0
1478,60142,Female,14712.0
1479,60143,Female,6069.0
1480,60144,Female,38.0
1481,60145,Female,1328.0
1482,60146,Female,1108.0
1483,60148,Female,26975.0
1484,60150,Female,950.0
1485,60151,Female,2089.0
1486,60152,Female,6395.0
1487,60153,Female,11863.0
1488,60154,Female,8562.0
1489,60155,Female,3755.0
1490,60156,Female,14803.0
1491,60157,Female,1329.0
1492,60160,Female,12258.0
1493,60162,Female,4047.0
1494,60163,Female,2364.0
1495,60164,Female,10379.0
1496,60165,Female,2406.0
1497,60169,Female,16989.0
1498,60171,Female,5249.0
1499,60172,Female,12848.0
1500,60173,Female,6420.0
1501,60174,Female,15972.0
1502,60175,Female,13004.0
1503,60176,Female,5392.0
1504,60177,Female,11235.0
1505,60178,Female,11939.0
1506,60180,Female,923.0
1507,60181,Female,14891.0
1508,60184,Female,1317.0
1509,60185,Female,17984.0
1510,60187,Female,14757.0
1511,60188,Female,21036.0
1512,60189,Female,15401.0
1513,60190,Female,5549.0
1514,60191,Female,6766.0
1515,60192,Female,7581.0
1516,60193,Female,19806.0
1517,60194,Female,9959.0
1518,60195,Female,2628.0
1519,60201,Female,21373.0
1520,60202,Female,17263.0
1521,60203,Female,2357.0
1522,60301,Female,1617.0
1523,60302,Female,16834.0
1524,60304,Female,9306.0
1525,60305,Female,5570.0
1526,60401,Female,3980.0
1527,60402,Female,31032.0
1528,60403,Female,8987.0
1529,60404,Female,9438.0
1530,60406,Female,12663.0
1531,60407,Female,749.0
1532,60408,Female,2756.0
1533,60409,Female,19912.0
1534,60410,Female,6889.0
1535,60411,Female,29674.0
1536,60415,Female,6817.0
1537,60416,Female,4301.0
1538,60417,Female,7790.0
1539,60419,Female,12003.0
1540,60420,Female,2448.0
1541,60421,Female,1891.0
1542,60422,Female,4774.0
1543,60423,Female,16052.0
1544,60424,Female,1101.0
1545,60425,Female,5126.0
1546,60426,Female,14655.0
1547,60428,Female,6378.0
1548,60429,Female,8618.0
1549,60430,Female,10132.0
1550,60431,Female,12430.0
1551,60432,Female,9793.0
1552,60433,Female,7798.0
1553,60435,Female,25245.0
1554,60436,Female,9240.0
1555,60437,Female,63.0
1556,60438,Female,15910.0
1557,60439,Female,12325.0
1558,60440,Female,26584.0
1559,60441,Female,17647.0
1560,60442,Female,5332.0
1561,60443,Female,11638.0
1562,60444,Female,936.0
1563,60445,Female,12913.0
1564,60446,Female,20149.0
1565,60447,Female,7274.0
1566,60448,Female,12908.0
1567,60449,Female,4764.0
1568,60450,Female,10437.0
1569,60451,Female,17704.0
1570,60452,Female,13813.0
1571,60453,Female,28292.0
1572,60455,Female,8059.0
1573,60456,Female,2253.0
1574,60457,Female,6700.0
1575,60458,Female,7831.0
1576,60459,Female,13678.0
1577,60460,Female,613.0
1578,60461,Female,2533.0
1579,60462,Female,19992.0
1580,60463,Female,7265.0
1581,60464,Female,5077.0
1582,60465,Female,9381.0
1583,60466,Female,11079.0
1584,60467,Female,13152.0
1585,60468,Female,2830.0
1586,60469,Female,2387.0
1587,60470,Female,202.0
1588,60471,Female,7173.0
1589,60472,Female,2773.0
1590,60473,Female,12253.0
1591,60474,Female,373.0
1592,60475,Female,4623.0
1593,60476,Female,1206.0
1594,60477,Female,18847.0
1595,60478,Female,9096.0
1596,60479,Female,523.0
1597,60480,Female,2545.0
1598,60481,Female,5774.0
1599,60482,Female,5418.0
1600,60484,Female,4022.0
1601,60487,Female,12910.0
1602,60490,Female,11148.0
1603,60491,Female,11639.0
1604,60501,Female,5921.0
1605,60502,Female,11878.0
1606,60503,Female,9242.0
1607,60504,Female,19695.0
1608,60505,Female,35600.0
1609,60506,Female,27545.0
1610,60510,Female,15088.0
1611,60511,Female,758.0
1612,60512,Female,939.0
1613,60513,Female,10075.0
1614,60514,Female,5282.0
1615,60515,Female,14493.0
1616,60516,Female,14980.0
1617,60517,Female,15891.0
1618,60518,Female,1865.0
1619,60519,Female,8.0
1620,60520,Female,1468.0
1621,60521,Female,8947.0
1622,60523,Female,5396.0
1623,60525,Female,15604.0
1624,60526,Female,6912.0
1625,60527,Female,13856.0
1626,60530,Female,317.0
1627,60531,Female,1002.0
1628,60532,Female,13753.0
1629,60534,Female,5259.0
1630,60536,Female,62.0
1631,60537,Female,268.0
1632,60538,Female,14293.0
1633,60539,Female,10.0
1634,60540,Female,22624.0
1635,60541,Female,1910.0
1636,60542,Female,9278.0
1637,60543,Female,20835.0
1638,60544,Female,15322.0
1639,60545,Female,6688.0
1640,60546,Female,7713.0
1641,60548,Female,5743.0
1642,60549,Female,185.0
1643,60550,Female,611.0
1644,60551,Female,1599.0
1645,60552,Female,2308.0
1646,60553,Female,360.0
1647,60554,Female,6057.0
1648,60555,Female,6858.0
1649,60556,Female,1320.0
1650,60557,Female,114.0
1651,60558,Female,6583.0
1652,60559,Female,13141.0
1653,60560,Female,12065.0
1654,60561,Female,11338.0
1655,60563,Female,20014.0
1656,60564,Female,21833.0
1657,60565,Female,19898.0
1658,60585,Female,12776.0
1659,60586,Female,23802.0
1660,60601,Female,7894.0
1661,60602,Female,744.0
1662,60603,Female,560.0
1663,60604,Female,441.0
1664,60605,Female,16330.0
1665,60606,Female,1679.0
1666,60607,Female,14910.0
1667,60608,Female,35434.0
1668,60609,Female,30569.0
1669,60610,Female,21419.0
1670,60611,Female,18054.0
1671,60612,Female,17225.0
1672,60613,Female,26339.0
1673,60614,Female,36172.0
1674,60615,Female,22639.0
1675,60616,Female,27430.0
1676,60617,Female,45093.0
1677,60618,Female,47492.0
1678,60619,Female,34416.0
1679,60620,Female,37732.0
1680,60621,Female,14588.0
1681,60622,Female,26139.0
1682,60623,Female,39368.0
1683,60624,Female,18277.0
1684,60625,Female,40253.0
1685,60626,Female,26347.0
1686,60628,Female,35188.0
1687,60629,Female,55250.0
1688,60630,Female,28224.0
1689,60631,Female,14722.0
1690,60632,Female,41922.0
1691,60633,Female,6373.0
1692,60634,Female,38951.0
1693,60636,Female,16370.0
1694,60637,Female,26192.0
1695,60638,Female,27984.0
1696,60639,Female,44344.0
1697,60640,Female,33739.0
1698,60641,Female,36602.0
1699,60642,Female,9968.0
1700,60643,Female,26643.0
1701,60644,Female,24201.0
1702,60645,Female,23331.0
1703,60646,Female,15601.0
1704,60647,Female,43046.0
1705,60649,Female,26070.0
1706,60651,Female,34149.0
1707,60652,Female,21753.0
1708,60653,Female,19060.0
1709,60654,Female,9951.0
1710,60655,Female,14296.0
1711,60656,Female,14086.0
1712,60657,Female,33780.0
1713,60659,Female,21932.0
1714,60660,Female,22140.0
1715,60661,Female,5240.0
1716,60706,Female,11490.0
1717,60707,Female,22350.0
1718,60712,Female,6335.0
1719,60714,Female,15181.0
1720,60803,Female,11585.0
1721,60804,Female,41383.0
1722,60805,Female,10623.0
1723,60827,Female,15709.0
1724,60901,Female,18343.0
1725,60910,Female,274.0
1726,60911,Female,658.0
1727,60912,Female,261.0
1728,60913,Female,875.0
1729,60914,Female,15513.0
1730,60915,Female,5386.0
1731,60917,Female,244.0
1732,60918,Female,316.0
1733,60919,Female,268.0
1734,60920,Female,80.0
1735,60921,Female,739.0
1736,60922,Female,1205.0
1737,60924,Female,780.0
1738,60926,Female,20.0
1739,60927,Female,1114.0
1740,60928,Female,312.0
1741,60929,Female,353.0
1742,60930,Female,437.0
1743,60931,Female,260.0
1744,60932,Female,122.0
1745,60933,Female,150.0
1746,60934,Female,92.0
1747,60935,Female,670.0
1748,60936,Female,2130.0
1749,60938,Female,946.0
1750,60940,Female,1496.0
1751,60941,Female,1028.0
1752,60942,Female,2738.0
1753,60945,Female,172.0
1754,60946,Female,266.0
1755,60948,Female,758.0
1756,60949,Female,330.0
1757,60950,Female,5494.0
1758,60951,Female,351.0
1759,60952,Female,256.0
1760,60953,Female,1331.0
1761,60954,Female,2532.0
1762,60955,Female,807.0
1763,60957,Female,2654.0
1764,60958,Female,742.0
1765,60959,Female,539.0
1766,60960,Female,390.0
1767,60961,Female,370.0
1768,60962,Female,311.0
1769,60963,Female,796.0
1770,60964,Female,2355.0
1771,60966,Female,766.0
1772,60968,Female,240.0
1773,60969,Female,27.0
1774,60970,Female,3556.0
1775,60973,Female,183.0
1776,60974,Female,158.0
1777,61001,Female,629.0
1778,61006,Female,783.0
1779,61007,Female,144.0
1780,61008,Female,17646.0
1781,61010,Female,3946.0
1782,61011,Female,1188.0
1783,61012,Female,1173.0
1784,61013,Female,214.0
1785,61014,Female,524.0
1786,61015,Female,541.0
1787,61016,Female,2515.0
1788,61018,Female,516.0
1789,61019,Female,1557.0
1790,61020,Female,1475.0
1791,61021,Female,10214.0
1792,61024,Female,1182.0
1793,61025,Female,2098.0
1794,61027,Female,24.0
1795,61028,Female,929.0
1796,61030,Female,1200.0
1797,61031,Female,854.0
1798,61032,Female,15671.0
1799,61036,Female,3401.0
1800,61037,Female,51.0
1801,61038,Female,386.0
1802,61039,Female,421.0
1803,61041,Female,712.0
1804,61042,Female,297.0
1805,61043,Female,66.0
1806,61044,Female,62.0
1807,61046,Female,1165.0
1808,61047,Female,851.0
1809,61048,Female,1795.0
1810,61049,Female,328.0
1811,61050,Female,156.0
1812,61051,Female,693.0
1813,61052,Female,447.0
1814,61053,Female,1337.0
1815,61054,Female,1930.0
1816,61057,Female,49.0
1817,61059,Female,103.0
1818,61060,Female,638.0
1819,61061,Female,3257.0
1820,61062,Female,1034.0
1821,61063,Female,2033.0
1822,61064,Female,1950.0
1823,61065,Female,5114.0
1824,61067,Female,321.0
1825,61068,Female,6895.0
1826,61070,Female,896.0
1827,61071,Female,6876.0
1828,61072,Female,5808.0
1829,61073,Female,9635.0
1830,61074,Female,2333.0
1831,61075,Female,470.0
1832,61077,Female,0.0
1833,61078,Female,675.0
1834,61079,Female,87.0
1835,61080,Female,5323.0
1836,61081,Female,10354.0
1837,61084,Female,1629.0
1838,61085,Female,1507.0
1839,61087,Female,735.0
1840,61088,Female,3247.0
1841,61089,Female,297.0
1842,61091,Female,38.0
1843,61101,Female,9941.0
1844,61102,Female,8624.0
1845,61103,Female,12760.0
1846,61104,Female,9369.0
1847,61107,Female,15833.0
1848,61108,Female,14531.0
1849,61109,Female,13771.0
1850,61111,Female,11639.0
1851,61112,Female,54.0
1852,61114,Female,7891.0
1853,61115,Female,11632.0
1854,61201,Female,19398.0
1855,61230,Female,487.0
1856,61231,Female,2702.0
1857,61232,Female,625.0
1858,61234,Female,554.0
1859,61235,Female,953.0
1860,61236,Female,41.0
1861,61238,Female,1446.0
1862,61239,Female,645.0
1863,61240,Female,2658.0
1864,61241,Female,3673.0
1865,61242,Female,529.0
1866,61243,Female,96.0
1867,61244,Female,11630.0
1868,61250,Female,1393.0
1869,61251,Female,220.0
1870,61252,Female,2672.0
1871,61254,Female,5745.0
1872,61256,Female,1015.0
1873,61257,Female,475.0
1874,61258,Female,75.0
1875,61259,Female,678.0
1876,61260,Female,390.0
1877,61261,Female,368.0
1878,61262,Female,509.0
1879,61263,Female,397.0
1880,61264,Female,5422.0
1881,61265,Female,22004.0
1882,61270,Female,3463.0
1883,61272,Female,667.0
1884,61273,Female,1499.0
1885,61274,Female,123.0
1886,61275,Female,2483.0
1887,61276,Female,42.0
1888,61277,Female,1642.0
1889,61278,Female,207.0
1890,61279,Female,492.0
1891,61281,Female,1169.0
1892,61282,Female,3855.0
1893,61283,Female,791.0
1894,61284,Female,849.0
1895,61285,Female,700.0
1896,61301,Female,4844.0
1897,61310,Female,1885.0
1898,61311,Female,188.0
1899,61312,Female,231.0
1900,61313,Female,128.0
1901,61314,Female,426.0
1902,61315,Female,113.0
1903,61316,Female,104.0
1904,61317,Female,212.0
1905,61318,Female,340.0
1906,61319,Female,598.0
1907,61320,Female,297.0
1908,61321,Female,189.0
1909,61322,Female,631.0
1910,61323,Female,53.0
1911,61324,Female,43.0
1912,61325,Female,538.0
1913,61326,Female,1089.0
1914,61327,Female,708.0
1915,61328,Female,44.0
1916,61329,Female,642.0
1917,61330,Female,642.0
1918,61331,Female,0.0
1919,61332,Female,69.0
1920,61333,Female,158.0
1921,61334,Female,303.0
1922,61335,Female,169.0
1923,61336,Female,194.0
1924,61337,Female,293.0
1925,61338,Female,86.0
1926,61340,Female,173.0
1927,61341,Female,3809.0
1928,61342,Female,4214.0
1929,61344,Female,178.0
1930,61345,Female,354.0
1931,61346,Female,27.0
1932,61348,Female,2097.0
1933,61349,Female,549.0
1934,61350,Female,12564.0
1935,61353,Female,680.0
1936,61354,Female,5591.0
1937,61356,Female,5723.0
1938,61358,Female,162.0
1939,61359,Female,188.0
1940,61360,Female,1625.0
1941,61361,Female,630.0
1942,61362,Female,2719.0
1943,61363,Female,134.0
1944,61364,Female,9337.0
1945,61367,Female,353.0
1946,61368,Female,650.0
1947,61369,Female,844.0
1948,61370,Female,626.0
1949,61372,Female,75.0
1950,61373,Female,1083.0
1951,61374,Female,70.0
1952,61375,Female,471.0
1953,61376,Female,970.0
1954,61377,Female,867.0
1955,61378,Female,147.0
1956,61379,Female,724.0
1957,61401,Female,15825.0
1958,61410,Female,1844.0
1959,61411,Female,130.0
1960,61412,Female,652.0
1961,61413,Female,428.0
1962,61414,Female,398.0
1963,61415,Female,972.0
1964,61416,Female,119.0
1965,61417,Female,148.0
1966,61418,Female,315.0
1967,61419,Female,62.0
1968,61420,Female,441.0
1969,61421,Female,683.0
1970,61422,Female,1694.0
1971,61423,Female,294.0
1972,61424,Female,32.0
1973,61425,Female,264.0
1974,61426,Female,50.0
1975,61427,Female,977.0
1976,61428,Female,513.0
1977,61430,Female,292.0
1978,61431,Female,128.0
1979,61432,Female,346.0
1980,61433,Female,54.0
1981,61434,Female,1431.0
1982,61435,Female,7.0
1983,61436,Female,436.0
1984,61437,Female,309.0
1985,61438,Female,353.0
1986,61439,Female,106.0
1987,61440,Female,365.0
1988,61441,Female,494.0
1989,61442,Female,375.0
1990,61443,Female,7057.0
1991,61447,Female,526.0
1992,61448,Female,2160.0
1993,61449,Female,77.0
1994,61450,Female,933.0
1995,61451,Female,115.0
1996,61452,Female,118.0
1997,61453,Female,302.0
1998,61454,Female,246.0
1999,61455,Female,10740.0
2000,61458,Female,233.0
2001,61459,Female,155.0
2002,61460,Female,159.0
2003,61462,Female,5964.0
2004,61465,Female,552.0
2005,61466,Female,121.0
2006,61467,Female,591.0
2007,61468,Female,78.0
2008,61469,Female,1053.0
2009,61470,Female,361.0
2010,61471,Female,72.0
2011,61472,Female,282.0
2012,61473,Female,670.0
2013,61474,Female,117.0
2014,61475,Female,80.0
2015,61476,Female,233.0
2016,61477,Female,297.0
2017,61478,Female,84.0
2018,61479,Female,61.0
2019,61480,Female,684.0
2020,61482,Female,272.0
2021,61483,Female,1013.0
2022,61484,Female,389.0
2023,61485,Female,189.0
2024,61486,Female,698.0
2025,61488,Female,685.0
2026,61489,Female,429.0
2027,61490,Female,469.0
2028,61491,Female,1056.0
2029,61501,Female,841.0
2030,61516,Female,376.0
2031,61517,Female,1741.0
2032,61519,Female,101.0
2033,61520,Female,7779.0
2034,61523,Female,5659.0
2035,61524,Female,185.0
2036,61525,Female,4800.0
2037,61526,Female,441.0
2038,61528,Female,1435.0
2039,61529,Female,1545.0
2040,61530,Female,3465.0
2041,61531,Female,1592.0
2042,61532,Female,317.0
2043,61533,Female,1131.0
2044,61534,Female,839.0
2045,61535,Female,961.0
2046,61536,Female,1454.0
2047,61537,Female,1399.0
2048,61539,Female,81.0
2049,61540,Female,1318.0
2050,61541,Female,60.0
2051,61542,Female,1634.0
2052,61543,Female,62.0
2053,61544,Female,392.0
2054,61545,Female,388.0
2055,61546,Female,1850.0
2056,61547,Female,2123.0
2057,61548,Female,6100.0
2058,61550,Female,9341.0
2059,61552,Female,85.0
2060,61553,Female,150.0
2061,61554,Female,21028.0
2062,61559,Female,1720.0
2063,61560,Female,309.0
2064,61561,Female,1157.0
2065,61562,Female,7.0
2066,61563,Female,221.0
2067,61564,Female,523.0
2068,61565,Female,663.0
2069,61567,Female,183.0
2070,61568,Female,2244.0
2071,61569,Female,525.0
2072,61570,Female,876.0
2073,61571,Female,13046.0
2074,61572,Female,592.0
2075,61602,Female,231.0
2076,61603,Female,8225.0
2077,61604,Female,15019.0
2078,61605,Female,7857.0
2079,61606,Female,4071.0
2080,61607,Female,5274.0
2081,61610,Female,2553.0
2082,61611,Female,11722.0
2083,61614,Female,15601.0
2084,61615,Female,10906.0
2085,61616,Female,3112.0
2086,61625,Female,224.0
2087,61701,Female,18077.0
2088,61704,Female,18318.0
2089,61705,Female,6538.0
2090,61720,Female,139.0
2091,61721,Female,365.0
2092,61722,Female,316.0
2093,61723,Female,1382.0
2094,61724,Female,250.0
2095,61725,Female,976.0
2096,61726,Female,1248.0
2097,61727,Female,4795.0
2098,61728,Female,721.0
2099,61729,Female,687.0
2100,61730,Female,220.0
2101,61731,Female,71.0
2102,61732,Female,1130.0
2103,61733,Female,465.0
2104,61734,Female,1434.0
2105,61735,Female,232.0
2106,61736,Female,1009.0
2107,61737,Female,209.0
2108,61738,Female,2080.0
2109,61739,Female,2399.0
2110,61740,Female,730.0
2111,61741,Female,882.0
2112,61742,Female,608.0
2113,61743,Female,73.0
2114,61744,Female,949.0
2115,61745,Female,2334.0
2116,61747,Female,754.0
2117,61748,Female,1371.0
2118,61749,Female,255.0
2119,61750,Female,84.0
2120,61751,Female,45.0
2121,61752,Female,2116.0
2122,61753,Female,1522.0
2123,61754,Female,579.0
2124,61755,Female,2387.0
2125,61756,Female,1176.0
2126,61759,Female,696.0
2127,61760,Female,1078.0
2128,61761,Female,29309.0
2129,61764,Female,6451.0
2130,61769,Female,349.0
2131,61770,Female,606.0
2132,61771,Female,332.0
2133,61772,Female,155.0
2134,61773,Female,147.0
2135,61774,Female,407.0
2136,61775,Female,118.0
2137,61776,Female,568.0
2138,61777,Female,538.0
2139,61778,Female,344.0
2140,61801,Female,15189.0
2141,61802,Female,10894.0
2142,61810,Female,153.0
2143,61811,Female,375.0
2144,61812,Female,172.0
2145,61813,Female,855.0
2146,61814,Female,576.0
2147,61815,Female,97.0
2148,61816,Female,254.0
2149,61817,Female,1216.0
2150,61818,Female,811.0
2151,61820,Female,17266.0
2152,61821,Female,15618.0
2153,61822,Female,12869.0
2154,61830,Female,201.0
2155,61831,Female,62.0
2156,61832,Female,18097.0
2157,61833,Female,1089.0
2158,61834,Female,3375.0
2159,61839,Female,373.0
2160,61840,Female,275.0
2161,61841,Female,643.0
2162,61842,Female,1427.0
2163,61843,Female,1170.0
2164,61844,Female,424.0
2165,61845,Female,181.0
2166,61846,Female,2279.0
2167,61847,Female,689.0
2168,61848,Female,97.0
2169,61849,Female,970.0
2170,61850,Female,196.0
2171,61851,Female,158.0
2172,61852,Female,116.0
2173,61853,Female,7247.0
2174,61854,Female,670.0
2175,61855,Female,62.0
2176,61856,Female,3897.0
2177,61857,Female,69.0
2178,61858,Female,1567.0
2179,61859,Female,675.0
2180,61862,Female,347.0
2181,61863,Female,423.0
2182,61864,Female,869.0
2183,61865,Female,765.0
2184,61866,Female,7263.0
2185,61870,Female,592.0
2186,61871,Female,180.0
2187,61872,Female,312.0
2188,61873,Female,3145.0
2189,61874,Female,4737.0
2190,61875,Female,370.0
2191,61876,Female,375.0
2192,61877,Female,807.0
2193,61878,Female,630.0
2194,61880,Female,2171.0
2195,61882,Female,265.0
2196,61883,Female,2334.0
2197,61884,Female,471.0
2198,61910,Female,2457.0
2199,61911,Female,2533.0
2200,61912,Female,741.0
2201,61913,Female,836.0
2202,61914,Female,970.0
2203,61917,Female,245.0
2204,61919,Female,448.0
2205,61920,Female,12284.0
2206,61924,Female,1180.0
2207,61925,Female,539.0
2208,61928,Female,324.0
2209,61929,Female,309.0
2210,61930,Female,372.0
2211,61931,Female,736.0
2212,61932,Female,268.0
2213,61933,Female,498.0
2214,61936,Female,150.0
2215,61937,Female,881.0
2216,61938,Female,10787.0
2217,61940,Female,145.0
2218,61941,Female,85.0
2219,61942,Female,558.0
2220,61943,Female,892.0
2221,61944,Female,6125.0
2222,61949,Female,93.0
2223,61951,Female,3955.0
2224,61953,Female,2815.0
2225,61955,Female,91.0
2226,61956,Female,1345.0
2227,61957,Female,804.0
2228,62001,Female,817.0
2229,62002,Female,16110.0
2230,62006,Female,234.0
2231,62009,Female,855.0
2232,62010,Female,5839.0
2233,62011,Female,77.0
2234,62012,Female,3178.0
2235,62013,Female,315.0
2236,62014,Female,1904.0
2237,62015,Female,340.0
2238,62016,Female,1732.0
2239,62017,Female,477.0
2240,62018,Female,1421.0
2241,62019,Female,151.0
2242,62021,Female,376.0
2243,62022,Female,552.0
2244,62023,Female,54.0
2245,62024,Female,4738.0
2246,62025,Female,17911.0
2247,62027,Female,277.0
2248,62028,Female,516.0
2249,62030,Female,100.0
2250,62031,Female,306.0
2251,62032,Female,433.0
2252,62033,Female,2275.0
2253,62034,Female,6853.0
2254,62035,Female,8354.0
2255,62036,Female,326.0
2256,62037,Female,824.0
2257,62040,Female,21629.0
2258,62044,Female,1334.0
2259,62045,Female,227.0
2260,62046,Female,401.0
2261,62047,Female,878.0
2262,62048,Female,1010.0
2263,62049,Female,3041.0
2264,62050,Female,205.0
2265,62051,Female,375.0
2266,62052,Female,6638.0
2267,62053,Female,222.0
2268,62054,Female,186.0
2269,62056,Female,4468.0
2270,62058,Female,390.0
2271,62059,Female,239.0
2272,62060,Female,2213.0
2273,62061,Female,837.0
2274,62062,Female,4173.0
2275,62063,Female,418.0
2276,62065,Female,74.0
2277,62067,Female,1261.0
2278,62069,Female,1589.0
2279,62070,Female,0.0
2280,62074,Female,641.0
2281,62075,Female,1850.0
2282,62076,Female,57.0
2283,62077,Female,118.0
2284,62078,Female,47.0
2285,62079,Female,175.0
2286,62080,Female,1192.0
2287,62081,Female,188.0
2288,62082,Female,1164.0
2289,62083,Female,60.0
2290,62084,Female,818.0
2291,62085,Female,104.0
2292,62086,Female,600.0
2293,62087,Female,1214.0
2294,62088,Female,3224.0
2295,62089,Female,198.0
2296,62090,Female,669.0
2297,62091,Female,265.0
2298,62092,Female,1480.0
2299,62093,Female,157.0
2300,62094,Female,465.0
2301,62095,Female,5581.0
2302,62097,Female,1392.0
2303,62098,Female,7.0
2304,62201,Female,4013.0
2305,62203,Female,4366.0
2306,62204,Female,4518.0
2307,62205,Female,3804.0
2308,62206,Female,7967.0
2309,62207,Female,5426.0
2310,62208,Female,7983.0
2311,62214,Female,740.0
2312,62215,Female,970.0
2313,62216,Female,1436.0
2314,62217,Female,392.0
2315,62218,Female,996.0
2316,62219,Female,513.0
2317,62220,Female,9158.0
2318,62221,Female,15335.0
2319,62223,Female,8391.0
2320,62225,Female,2325.0
2321,62226,Female,14898.0
2322,62230,Female,3193.0
2323,62231,Female,3455.0
2324,62232,Female,3125.0
2325,62233,Female,3035.0
2326,62234,Female,16910.0
2327,62236,Female,7099.0
2328,62237,Female,1046.0
2329,62238,Female,325.0
2330,62239,Female,2586.0
2331,62240,Female,769.0
2332,62241,Female,408.0
2333,62242,Female,607.0
2334,62243,Female,3027.0
2335,62244,Female,440.0
2336,62245,Female,915.0
2337,62246,Female,4442.0
2338,62248,Female,236.0
2339,62249,Female,7794.0
2340,62250,Female,311.0
2341,62253,Female,339.0
2342,62254,Female,3044.0
2343,62255,Female,420.0
2344,62257,Female,1087.0
2345,62258,Female,5389.0
2346,62260,Female,3326.0
2347,62261,Female,15.0
2348,62262,Female,955.0
2349,62263,Female,2469.0
2350,62264,Female,1520.0
2351,62265,Female,2013.0
2352,62266,Female,0.0
2353,62268,Female,435.0
2354,62269,Female,16554.0
2355,62271,Female,1022.0
2356,62272,Female,827.0
2357,62273,Female,88.0
2358,62274,Female,3097.0
2359,62275,Female,1716.0
2360,62277,Female,522.0
2361,62278,Female,3267.0
2362,62279,Female,6.0
2363,62280,Female,283.0
2364,62281,Female,1387.0
2365,62282,Female,250.0
2366,62284,Female,286.0
2367,62285,Female,2455.0
2368,62286,Female,2852.0
2369,62288,Female,1473.0
2370,62289,Female,136.0
2371,62292,Female,457.0
2372,62293,Female,2233.0
2373,62294,Female,7484.0
2374,62295,Female,779.0
2375,62297,Female,188.0
2376,62298,Female,8738.0
2377,62301,Female,16473.0
2378,62305,Female,9781.0
2379,62311,Female,345.0
2380,62312,Female,1168.0
2381,62313,Female,198.0
2382,62314,Female,328.0
2383,62316,Female,401.0
2384,62319,Female,83.0
2385,62320,Female,1194.0
2386,62321,Female,1803.0
2387,62323,Female,75.0
2388,62324,Female,541.0
2389,62325,Female,202.0
2390,62326,Female,1079.0
2391,62330,Female,837.0
2392,62334,Female,74.0
2393,62336,Female,10.0
2394,62338,Female,500.0
2395,62339,Female,479.0
2396,62340,Female,865.0
2397,62341,Female,1882.0
2398,62343,Female,421.0
2399,62344,Female,16.0
2400,62345,Female,196.0
2401,62346,Female,70.0
2402,62347,Female,862.0
2403,62348,Female,48.0
2404,62349,Female,408.0
2405,62351,Female,965.0
2406,62352,Female,165.0
2407,62353,Female,1658.0
2408,62354,Female,699.0
2409,62355,Female,358.0
2410,62356,Female,299.0
2411,62357,Female,198.0
2412,62358,Female,249.0
2413,62359,Female,73.0
2414,62360,Female,965.0
2415,62361,Female,112.0
2416,62362,Female,143.0
2417,62363,Female,2874.0
2418,62365,Female,192.0
2419,62366,Female,780.0
2420,62367,Female,519.0
2421,62370,Female,142.0
2422,62373,Female,78.0
2423,62374,Female,109.0
2424,62375,Female,245.0
2425,62376,Female,516.0
2426,62378,Female,516.0
2427,62379,Female,948.0
2428,62380,Female,327.0
2429,62401,Female,9805.0
2430,62410,Female,628.0
2431,62411,Female,2024.0
2432,62413,Female,132.0
2433,62414,Female,898.0
2434,62417,Female,1303.0
2435,62418,Female,1059.0
2436,62419,Female,92.0
2437,62420,Female,2325.0
2438,62421,Female,273.0
2439,62422,Female,545.0
2440,62423,Female,233.0
2441,62424,Female,1146.0
2442,62425,Female,224.0
2443,62426,Female,404.0
2444,62427,Female,1113.0
2445,62428,Female,1474.0
2446,62431,Female,402.0
2447,62432,Female,467.0
2448,62433,Female,465.0
2449,62434,Female,111.0
2450,62436,Female,315.0
2451,62438,Female,157.0
2452,62439,Female,3713.0
2453,62440,Female,533.0
2454,62441,Female,3457.0
2455,62442,Female,1352.0
2456,62443,Female,780.0
2457,62444,Female,185.0
2458,62445,Female,519.0
2459,62446,Female,166.0
2460,62447,Female,1705.0
2461,62448,Female,2678.0
2462,62449,Female,1518.0
2463,62450,Female,6278.0
2464,62451,Female,1090.0
2465,62452,Female,138.0
2466,62454,Female,4528.0
2467,62458,Female,1177.0
2468,62459,Female,189.0
2469,62460,Female,516.0
2470,62461,Female,326.0
2471,62462,Female,580.0
2472,62463,Female,568.0
2473,62465,Female,474.0
2474,62466,Female,1348.0
2475,62467,Female,2099.0
2476,62468,Female,1124.0
2477,62469,Female,314.0
2478,62471,Female,4495.0
2479,62473,Female,612.0
2480,62474,Female,369.0
2481,62475,Female,272.0
2482,62476,Female,737.0
2483,62477,Female,319.0
2484,62478,Female,152.0
2485,62479,Female,414.0
2486,62480,Female,304.0
2487,62481,Female,185.0
2488,62501,Female,1214.0
2489,62510,Female,679.0
2490,62512,Female,213.0
2491,62513,Female,912.0
2492,62514,Female,197.0
2493,62515,Female,461.0
2494,62517,Female,121.0
2495,62518,Female,59.0
2496,62519,Female,34.0
2497,62520,Female,885.0
2498,62521,Female,17896.0
2499,62522,Female,7922.0
2500,62523,Female,419.0
2501,62526,Female,17109.0
2502,62530,Female,691.0
2503,62531,Female,795.0
2504,62532,Female,57.0
2505,62533,Female,554.0
2506,62534,Female,560.0
2507,62535,Female,1713.0
2508,62536,Female,178.0
2509,62537,Female,57.0
2510,62538,Female,249.0
2511,62539,Female,597.0
2512,62540,Female,698.0
2513,62541,Female,10.0
2514,62543,Female,182.0
2515,62544,Female,844.0
2516,62545,Female,645.0
2517,62546,Female,780.0
2518,62547,Female,447.0
2519,62548,Female,1360.0
2520,62549,Female,3105.0
2521,62550,Female,1666.0
2522,62551,Female,345.0
2523,62553,Female,190.0
2524,62554,Female,822.0
2525,62555,Female,248.0
2526,62556,Female,189.0
2527,62557,Female,3658.0
2528,62558,Female,1601.0
2529,62560,Female,598.0
2530,62561,Female,2985.0
2531,62563,Female,2863.0
2532,62565,Female,3806.0
2533,62567,Female,378.0
2534,62568,Female,7517.0
2535,62570,Female,269.0
2536,62571,Female,865.0
2537,62572,Female,273.0
2538,62573,Female,791.0
2539,62601,Female,137.0
2540,62610,Female,78.0
2541,62611,Female,588.0
2542,62612,Female,817.0
2543,62613,Female,2087.0
2544,62615,Female,2917.0
2545,62617,Female,320.0
2546,62618,Female,3543.0
2547,62621,Female,582.0
2548,62622,Female,0.0
2549,62624,Female,194.0
2550,62625,Female,385.0
2551,62626,Female,3860.0
2552,62627,Female,413.0
2553,62628,Female,374.0
2554,62629,Female,8041.0
2555,62630,Female,245.0
2556,62631,Female,104.0
2557,62633,Female,365.0
2558,62634,Female,518.0
2559,62635,Female,260.0
2560,62638,Female,616.0
2561,62639,Female,116.0
2562,62640,Female,1682.0
2563,62642,Female,666.0
2564,62643,Female,313.0
2565,62644,Female,2293.0
2566,62649,Female,264.0
2567,62650,Female,12891.0
2568,62655,Female,303.0
2569,62656,Female,9590.0
2570,62661,Female,636.0
2571,62663,Female,116.0
2572,62664,Female,1605.0
2573,62665,Female,829.0
2574,62666,Female,249.0
2575,62667,Female,305.0
2576,62668,Female,750.0
2577,62670,Female,1352.0
2578,62671,Female,288.0
2579,62672,Female,101.0
2580,62673,Female,202.0
2581,62674,Female,826.0
2582,62675,Female,2946.0
2583,62677,Female,1015.0
2584,62681,Female,2461.0
2585,62682,Female,384.0
2586,62684,Female,3138.0
2587,62685,Female,1110.0
2588,62688,Female,360.0
2589,62689,Female,273.0
2590,62690,Female,2118.0
2591,62691,Female,1105.0
2592,62692,Female,1202.0
2593,62693,Female,799.0
2594,62694,Female,1539.0
2595,62695,Female,130.0
2596,62701,Female,392.0
2597,62702,Female,17396.0
2598,62703,Female,15763.0
2599,62704,Female,20899.0
2600,62707,Female,3886.0
2601,62711,Female,8981.0
2602,62712,Female,5168.0
2603,62801,Female,9983.0
2604,62803,Female,622.0
2605,62806,Female,1789.0
2606,62807,Female,512.0
2607,62808,Female,769.0
2608,62809,Female,60.0
2609,62810,Female,444.0
2610,62811,Female,157.0
2611,62812,Female,5704.0
2612,62814,Female,929.0
2613,62815,Female,117.0
2614,62816,Female,629.0
2615,62817,Female,297.0
2616,62818,Female,169.0
2617,62819,Female,164.0
2618,62820,Female,90.0
2619,62821,Female,3500.0
2620,62822,Female,1497.0
2621,62823,Female,1036.0
2622,62824,Female,859.0
2623,62825,Female,97.0
2624,62827,Female,656.0
2625,62828,Female,852.0
2626,62829,Female,31.0
2627,62830,Female,614.0
2628,62831,Female,179.0
2629,62832,Female,4275.0
2630,62833,Female,132.0
2631,62835,Female,653.0
2632,62836,Female,354.0
2633,62837,Female,4413.0
2634,62838,Female,1000.0
2635,62839,Female,3352.0
2636,62841,Female,53.0
2637,62842,Female,342.0
2638,62843,Female,68.0
2639,62844,Female,1071.0
2640,62846,Female,459.0
2641,62848,Female,284.0
2642,62849,Female,1044.0
2643,62850,Female,343.0
2644,62851,Female,51.0
2645,62852,Female,44.0
2646,62853,Female,520.0
2647,62854,Female,740.0
2648,62856,Female,184.0
2649,62858,Female,1433.0
2650,62859,Female,2836.0
2651,62860,Female,156.0
2652,62861,Female,69.0
2653,62862,Female,131.0
2654,62863,Female,4880.0
2655,62864,Female,11988.0
2656,62865,Female,1038.0
2657,62867,Female,281.0
2658,62868,Female,926.0
2659,62869,Female,1221.0
2660,62870,Female,1037.0
2661,62871,Female,237.0
2662,62872,Female,557.0
2663,62874,Female,201.0
2664,62875,Female,586.0
2665,62876,Female,57.0
2666,62877,Female,226.0
2667,62878,Female,232.0
2668,62879,Female,45.0
2669,62880,Female,349.0
2670,62881,Female,5435.0
2671,62882,Female,1191.0
2672,62883,Female,308.0
2673,62884,Female,1286.0
2674,62885,Female,202.0
2675,62886,Female,176.0
2676,62887,Female,152.0
2677,62888,Female,1093.0
2678,62889,Female,480.0
2679,62890,Female,1202.0
2680,62891,Female,394.0
2681,62892,Female,128.0
2682,62893,Female,421.0
2683,62894,Female,536.0
2684,62895,Female,832.0
2685,62896,Female,6011.0
2686,62897,Female,198.0
2687,62898,Female,1075.0
2688,62899,Female,718.0
2689,62901,Female,13045.0
2690,62902,Female,1950.0
2691,62903,Female,1478.0
2692,62905,Female,294.0
2693,62906,Female,3292.0
2694,62907,Female,1047.0
2695,62908,Female,302.0
2696,62910,Female,1119.0
2697,62912,Female,837.0
2698,62914,Female,1110.0
2699,62915,Female,183.0
2700,62916,Female,363.0
2701,62917,Female,1174.0
2702,62918,Female,5091.0
2703,62919,Female,480.0
2704,62920,Female,1537.0
2705,62921,Female,142.0
2706,62922,Female,1448.0
2707,62923,Female,275.0
2708,62924,Female,1499.0
2709,62926,Female,1053.0
2710,62927,Female,148.0
2711,62928,Female,83.0
2712,62930,Female,2914.0
2713,62931,Female,609.0
2714,62932,Female,568.0
2715,62933,Female,821.0
2716,62934,Female,332.0
2717,62935,Female,1098.0
2718,62938,Female,1692.0
2719,62939,Female,1395.0
2720,62940,Female,349.0
2721,62941,Female,316.0
2722,62942,Female,300.0
2723,62943,Female,172.0
2724,62946,Female,6328.0
2725,62947,Female,130.0
2726,62948,Female,7240.0
2727,62949,Female,403.0
2728,62950,Female,31.0
2729,62951,Female,2239.0
2730,62952,Female,1551.0
2731,62953,Female,108.0
2732,62954,Female,333.0
2733,62956,Female,641.0
2734,62957,Female,324.0
2735,62958,Female,958.0
2736,62959,Female,13462.0
2737,62960,Female,5767.0
2738,62961,Female,13.0
2739,62962,Female,0.0
2740,62963,Female,367.0
2741,62964,Female,660.0
2742,62965,Female,43.0
2743,62966,Female,7961.0
2744,62967,Female,172.0
2745,62969,Female,256.0
2746,62970,Female,315.0
2747,62972,Female,559.0
2748,62974,Female,925.0
2749,62975,Female,57.0
2750,62976,Female,212.0
2751,62977,Female,363.0
2752,62979,Female,557.0
2753,62982,Female,564.0
2754,62983,Female,674.0
2755,62984,Female,806.0
2756,62985,Female,311.0
2757,62987,Female,606.0
2758,62988,Female,729.0
2759,62990,Female,669.0
2760,62992,Female,396.0
2761,62994,Female,416.0
2762,62995,Female,2026.0
2763,62996,Female,175.0
2764,62997,Female,281.0
2765,62998,Female,119.0
2766,62999,Female,904.0
2767,63673,Female,944.0
